timestampID,freq,snr,cer,ccer,bandwidth_Mbps
1506011561,807.0,39.4,0.0,0.0,51.1
1506011561,759.0,40.6,0.0,0.0,51.1
1506011561,825.0,39.4,0.0,0.0,51.1
1506011561,765.0,40.4,0.0,0.0,51.1
1506011561,819.0,39.4,0.0,0.0,51.1
1506011561,771.0,40.2,0.0,0.0,51.1
1506011561,777.0,40.3,0.0,0.0,51.1
1506011561,813.0,39.4,0.0,0.0,51.1
1506011573,807.0,39.4,0.0,0.0,51.13
1506011573,759.0,40.7,0.0,0.0,51.13
1506011573,825.0,39.4,0.0,0.0,51.13
1506011573,765.0,40.3,0.0,0.0,51.13
1506011573,819.0,39.4,0.0,0.0,51.13
1506011573,771.0,39.9,0.0,0.0,51.13
1506011573,777.0,40.3,0.0,0.0,51.13
1506011573,813.0,39.4,0.0,0.0,51.13
1506011585,807.0,39.4,0.0,0.0,51.62
1506011585,759.0,40.8,0.0,0.0,51.62
1506011585,825.0,39.3,0.0,0.0,51.62
1506011585,765.0,40.3,0.0,0.0,51.62
1506011585,819.0,39.5,0.0,0.0,51.62
1506011585,771.0,39.9,0.0,0.0,51.62
1506011585,777.0,40.3,0.0,0.0,51.62
1506011585,813.0,39.3,0.0,0.0,51.62
1506011596,807.0,39.5,0.0,0.0,51.38
1506011596,759.0,40.6,0.0,0.0,51.38
1506011596,825.0,39.4,0.0,0.0,51.38
1506011596,765.0,40.3,0.0,0.0,51.38
1506011596,819.0,39.4,0.0,0.0,51.38
1506011596,771.0,39.9,0.0,0.0,51.38
1506011596,777.0,40.0,0.0,0.0,51.38
1506011596,813.0,39.4,0.0,0.0,51.38
1506011608,807.0,39.3,0.0,0.0,51.79
1506011608,759.0,40.5,0.0,0.0,51.79
1506011608,825.0,39.4,0.0,0.0,51.79
1506011608,765.0,40.3,0.0,0.0,51.79
1506011608,819.0,39.4,0.0,0.0,51.79
1506011608,771.0,40.3,0.0,0.0,51.79
1506011608,777.0,40.3,0.0,0.0,51.79
1506011608,813.0,39.3,0.0,0.0,51.79
1506011620,807.0,39.4,0.0,0.0,51.03
1506011620,759.0,40.5,0.0,0.0,51.03
1506011620,825.0,39.3,0.0,0.0,51.03
1506011620,765.0,40.3,0.0,0.0,51.03
1506011620,819.0,39.5,0.0,0.0,51.03
1506011620,771.0,39.9,0.0,0.0,51.03
1506011620,777.0,40.1,0.0,0.0,51.03
1506011620,813.0,39.4,0.0,0.0,51.03
1506011631,807.0,39.4,0.0,0.0,51.52
1506011631,759.0,40.5,0.0,0.0,51.52
1506011631,825.0,39.2,0.0,0.0,51.52
1506011631,765.0,40.3,0.0,0.0,51.52
1506011631,819.0,39.3,0.0,0.0,51.52
1506011631,771.0,39.8,0.0,0.0,51.52
1506011631,777.0,40.3,0.0,0.0,51.52
1506011631,813.0,39.4,0.0,0.0,51.52
1506011643,807.0,39.1,0.0,0.0,50.7
1506011643,759.0,40.5,0.0,0.0,50.7
1506011643,825.0,39.1,0.0,0.0,50.7
1506011643,765.0,40.3,0.0,0.0,50.7
1506011643,819.0,39.5,0.0,0.0,50.7
1506011643,771.0,40.1,0.0,0.0,50.7
1506011643,777.0,40.0,0.0,0.0,50.7
1506011643,813.0,39.4,0.0,0.0,50.7
1506011655,807.0,39.1,0.0,0.0,50.38
1506011655,759.0,40.4,0.0,0.0,50.38
1506011655,825.0,39.4,0.0,0.0,50.38
1506011655,765.0,40.4,0.0,0.0,50.38
1506011655,819.0,39.4,0.0,0.0,50.38
1506011655,771.0,40.0,0.0,0.0,50.38
1506011655,777.0,39.9,0.0,0.0,50.38
1506011655,813.0,39.4,0.0,0.0,50.38
1506011667,807.0,39.4,0.0,0.0,50.61
1506011667,759.0,40.4,0.0,0.0,50.61
1506011667,825.0,39.3,0.0,0.0,50.61
1506011667,765.0,40.3,0.0,0.0,50.61
1506011667,819.0,39.5,0.0,0.0,50.61
1506011667,771.0,39.7,0.0,0.0,50.61
1506011667,777.0,40.2,0.0,0.0,50.61
1506011667,813.0,39.3,0.0,0.0,50.61
1506011679,807.0,39.4,0.0,0.0,50.81
1506011679,759.0,40.8,0.0,0.0,50.81
1506011679,825.0,39.0,0.0,0.0,50.81
1506011679,765.0,40.3,0.0,0.0,50.81
1506011679,819.0,39.4,0.0,0.0,50.81
1506011679,771.0,29.9,0.0,0.0,50.81
1506011679,777.0,40.3,0.0,0.0,50.81
1506011679,813.0,39.3,0.0,0.0,50.81
1506011690,807.0,39.4,0.0,0.0,50.93
1506011690,759.0,40.6,0.0,0.0,50.93
1506011690,825.0,39.3,0.0,0.0,50.93
1506011690,765.0,40.3,0.0,0.0,50.93
1506011690,819.0,39.4,0.0,0.0,50.93
1506011690,771.0,29.9,0.0,0.0,50.93
1506011690,777.0,40.1,0.0,0.0,50.93
1506011690,813.0,39.4,0.0,0.0,50.93
1506011702,807.0,39.4,0.0,0.0,51.17
1506011702,759.0,40.9,0.0,0.0,51.17
1506011702,825.0,39.3,0.0,0.0,51.17
1506011702,765.0,40.3,0.0,0.0,51.17
1506011702,819.0,39.5,0.0,0.0,51.17
1506011702,771.0,30.3,0.0,0.0,51.17
1506011702,777.0,40.0,0.0,0.0,51.17
1506011702,813.0,39.4,0.0,0.0,51.17
1506011714,807.0,39.4,0.0,0.0,49.85
1506011714,759.0,40.8,0.0,0.0,49.85
1506011714,825.0,39.5,0.0,0.0,49.85
1506011714,765.0,40.3,0.0,0.0,49.85
1506011714,819.0,39.5,0.0,0.0,49.85
1506011714,771.0,30.3,0.0,0.0,49.85
1506011714,777.0,39.9,0.0,0.0,49.85
1506011714,813.0,39.4,0.0,0.0,49.85
1506011726,807.0,39.3,0.0,0.0,50.63
1506011726,759.0,40.7,0.0,0.0,50.63
1506011726,825.0,39.4,0.0,0.0,50.63
1506011726,765.0,40.3,0.0,0.0,50.63
1506011726,819.0,39.4,0.0,0.0,50.63
1506011726,771.0,30.2,0.0,0.0,50.63
1506011726,777.0,40.3,0.0,0.0,50.63
1506011726,813.0,39.3,0.0,0.0,50.63
1506011737,807.0,39.4,0.0,0.0,50.73
1506011737,759.0,40.8,0.0,0.0,50.73
1506011737,825.0,39.4,0.0,0.0,50.73
1506011737,765.0,40.5,0.0,0.0,50.73
1506011737,819.0,39.4,0.0,0.0,50.73
1506011737,771.0,29.9,0.0,0.0,50.73
1506011737,777.0,40.2,0.0,0.0,50.73
1506011737,813.0,39.4,0.0,0.0,50.73
1506011749,807.0,39.4,0.0,0.0,50.84
1506011749,759.0,40.8,0.0,0.0,50.84
1506011749,825.0,39.4,0.0,0.0,50.84
1506011749,765.0,40.4,0.0,0.0,50.84
1506011749,819.0,39.4,0.0,0.0,50.84
1506011749,771.0,30.1,0.0,0.0,50.84
1506011749,777.0,40.3,0.0,0.0,50.84
1506011749,813.0,39.3,0.0,0.0,50.84
1506011763,807.0,39.4,0.0,0.0,50.61
1506011763,759.0,40.5,0.0,0.0,50.61
1506011763,825.0,39.2,0.0,0.0,50.61
1506011763,765.0,40.3,0.0,0.0,50.61
1506011763,819.0,39.4,0.0,0.0,50.61
1506011763,771.0,30.3,0.0,0.0,50.61
1506011763,777.0,39.8,0.0,0.0,50.61
1506011763,813.0,39.0,0.0,0.0,50.61
1506011774,807.0,39.4,0.0,0.0,49.67
1506011774,759.0,40.8,0.0,0.0,49.67
1506011774,825.0,39.4,0.0,0.0,49.67
1506011774,765.0,40.4,0.0,0.0,49.67
1506011774,819.0,39.4,0.0,0.0,49.67
1506011774,771.0,29.0,0.0,0.0,49.67
1506011774,777.0,40.0,0.0,0.0,49.67
1506011774,813.0,39.4,0.0,0.0,49.67
1506011786,807.0,39.4,0.0,0.0,50.86
1506011786,759.0,40.9,0.0,0.0,50.86
1506011786,825.0,39.4,0.0,0.0,50.86
1506011786,765.0,40.3,0.0,0.0,50.86
1506011786,819.0,39.4,0.0,0.0,50.86
1506011786,771.0,29.1,0.0,0.0,50.86
1506011786,777.0,40.3,0.0,0.0,50.86
1506011786,813.0,39.4,0.0,0.0,50.86
1506011798,807.0,39.5,0.0,0.0,50.05
1506011798,759.0,40.7,0.0,0.0,50.05
1506011798,825.0,39.3,0.0,0.0,50.05
1506011798,765.0,40.4,0.0,0.0,50.05
1506011798,819.0,39.4,0.0,0.0,50.05
1506011798,771.0,29.3,0.0,0.0,50.05
1506011798,777.0,40.3,0.0,0.0,50.05
1506011798,813.0,39.4,0.0,0.0,50.05
1506011810,807.0,39.4,0.0,0.0,49.43
1506011810,759.0,40.8,0.0,0.0,49.43
1506011810,825.0,39.4,0.0,0.0,49.43
1506011810,765.0,40.4,0.0,0.0,49.43
1506011810,819.0,39.4,0.0,0.0,49.43
1506011810,771.0,28.9,0.0,0.0,49.43
1506011810,777.0,40.3,0.0,0.0,49.43
1506011810,813.0,39.4,0.0,0.0,49.43
1506011822,807.0,39.4,0.0,0.0,50.38
1506011822,759.0,40.5,0.0,0.0,50.38
1506011822,825.0,39.4,0.0,0.0,50.38
1506011822,765.0,40.3,0.0,0.0,50.38
1506011822,819.0,39.5,0.0,0.0,50.38
1506011822,771.0,28.9,0.0,0.0,50.38
1506011822,777.0,40.3,0.0,0.0,50.38
1506011822,813.0,39.4,0.0,0.0,50.38
1506011834,807.0,39.4,0.0,0.0,49.96
1506011834,759.0,40.7,0.0,0.0,49.96
1506011834,825.0,39.5,0.0,0.0,49.96
1506011834,765.0,40.4,0.0,0.0,49.96
1506011834,819.0,39.5,0.0,0.0,49.96
1506011834,771.0,28.0,0.0,0.03,49.96
1506011834,777.0,40.4,0.0,0.0,49.96
1506011834,813.0,39.4,0.0,0.0,49.96
1506011846,807.0,39.5,0.0,0.0,50.9
1506011846,759.0,40.8,0.0,0.0,50.9
1506011846,825.0,39.3,0.0,0.0,50.9
1506011846,765.0,40.3,0.0,0.0,50.9
1506011846,819.0,39.4,0.0,0.0,50.9
1506011846,771.0,28.3,0.0,0.09,50.9
1506011846,777.0,40.3,0.0,0.0,50.9
1506011846,813.0,39.4,0.0,0.0,50.9
1506011858,807.0,39.4,0.0,0.0,50.85
1506011858,759.0,40.6,0.0,0.0,50.85
1506011858,825.0,39.4,0.0,0.0,50.85
1506011858,765.0,40.5,0.0,0.0,50.85
1506011858,819.0,39.4,0.0,0.0,50.85
1506011858,771.0,28.1,0.0,0.14,50.85
1506011858,777.0,40.2,0.0,0.0,50.85
1506011858,813.0,39.4,0.0,0.0,50.85
1506011869,807.0,39.4,0.0,0.0,49.99
1506011869,759.0,40.7,0.0,0.0,49.99
1506011869,825.0,39.4,0.0,0.0,49.99
1506011869,765.0,40.3,0.0,0.0,49.99
1506011869,819.0,39.5,0.0,0.0,49.99
1506011869,771.0,28.2,0.0,0.12,49.99
1506011869,777.0,40.2,0.0,0.0,49.99
1506011869,813.0,39.4,0.0,0.0,49.99
1506011882,807.0,39.4,0.0,0.0,50.38
1506011882,759.0,40.7,0.0,0.0,50.38
1506011882,825.0,39.4,0.0,0.0,50.38
1506011882,765.0,40.4,0.0,0.0,50.38
1506011882,819.0,39.5,0.0,0.0,50.38
1506011882,771.0,28.0,0.0,0.14,50.38
1506011882,777.0,40.3,0.0,0.0,50.38
1506011882,813.0,39.1,0.0,0.0,50.38
1506011893,807.0,39.4,0.0,0.0,49.48
1506011893,759.0,40.7,0.0,0.0,49.48
1506011893,825.0,39.3,0.0,0.0,49.48
1506011893,765.0,40.4,0.0,0.0,49.48
1506011893,819.0,39.5,0.0,0.0,49.48
1506011893,771.0,27.3,0.01,2.04,49.48
1506011893,777.0,40.3,0.0,0.0,49.48
1506011893,813.0,39.4,0.0,0.0,49.48
1506011905,807.0,39.4,0.0,0.0,23.29
1506011905,759.0,40.8,0.0,0.0,23.29
1506011905,825.0,39.3,0.0,0.0,23.29
1506011905,765.0,40.4,0.0,0.0,23.29
1506011905,819.0,39.4,0.0,0.0,23.29
1506011905,771.0,27.3,0.02,2.95,23.29
1506011905,777.0,40.3,0.0,0.0,23.29
1506011905,813.0,39.4,0.0,0.0,23.29
1506011916,807.0,39.4,0.0,0.0,16.79
1506011916,759.0,40.6,0.0,0.0,16.79
1506011916,825.0,39.4,0.0,0.0,16.79
1506011916,765.0,40.3,0.0,0.0,16.79
1506011916,819.0,39.5,0.0,0.0,16.79
1506011916,771.0,27.3,0.02,2.75,16.79
1506011916,777.0,40.2,0.0,0.0,16.79
1506011916,813.0,39.4,0.0,0.0,16.79
1506011928,807.0,39.4,0.0,0.0,21.04
1506011928,759.0,40.5,0.0,0.0,21.04
1506011928,825.0,39.4,0.0,0.0,21.04
1506011928,765.0,40.3,0.0,0.0,21.04
1506011928,819.0,39.5,0.0,0.0,21.04
1506011928,771.0,27.4,0.02,3.06,21.04
1506011928,777.0,40.3,0.0,0.0,21.04
1506011928,813.0,39.4,0.0,0.0,21.04
1506011939,807.0,39.4,0.0,0.0,18.22
1506011939,759.0,40.7,0.0,0.0,18.22
1506011939,825.0,39.4,0.0,0.0,18.22
1506011939,765.0,40.3,0.0,0.0,18.22
1506011939,819.0,39.4,0.0,0.0,18.22
1506011939,771.0,27.2,0.01,2.37,18.22
1506011939,777.0,40.3,0.0,0.0,18.22
1506011939,813.0,39.4,0.0,0.0,18.22
1506011951,807.0,39.3,0.0,0.0,24.95
1506011951,759.0,40.8,0.0,0.0,24.95
1506011951,825.0,35.6,0.0,0.0,24.95
1506011951,765.0,40.3,0.0,0.0,24.95
1506011951,819.0,39.5,0.0,0.0,24.95
1506011951,771.0,27.3,0.0,1.76,24.95
1506011951,777.0,39.9,0.0,0.0,24.95
1506011951,813.0,39.4,0.0,0.0,24.95
1506011963,807.0,39.3,0.0,0.0,21.64
1506011963,759.0,40.6,0.0,0.0,21.64
1506011963,825.0,29.9,0.0,0.0,21.64
1506011963,765.0,40.3,0.0,0.0,21.64
1506011963,819.0,39.5,0.0,0.0,21.64
1506011963,771.0,27.4,0.01,1.98,21.64
1506011963,777.0,40.3,0.0,0.0,21.64
1506011963,813.0,39.2,0.29,0.06,21.64
1506011974,807.0,39.4,0.0,0.0,14.41
1506011974,759.0,40.5,0.0,0.0,14.41
1506011974,825.0,39.4,1.48,0.35,14.41
1506011974,765.0,40.4,0.0,0.0,14.41
1506011974,819.0,39.4,0.0,0.0,14.41
1506011974,771.0,27.1,0.0,1.83,14.41
1506011974,777.0,40.4,0.0,0.0,14.41
1506011974,813.0,39.4,0.0,0.0,14.41
1506011986,807.0,39.4,0.0,0.0,14.4
1506011986,759.0,40.8,0.0,0.0,14.4
1506011986,825.0,35.7,0.0,0.0,14.4
1506011986,765.0,40.3,0.0,0.0,14.4
1506011986,819.0,39.4,0.0,0.0,14.4
1506011986,771.0,27.3,0.02,1.47,14.4
1506011986,777.0,40.2,0.0,0.0,14.4
1506011986,813.0,39.4,0.0,0.0,14.4
1506011998,807.0,39.3,0.0,0.0,17.67
1506011998,759.0,40.3,0.0,0.0,17.67
1506011998,825.0,39.2,0.0,0.0,17.67
1506011998,765.0,40.4,0.0,0.0,17.67
1506011998,819.0,39.4,0.0,0.0,17.67
1506011998,771.0,27.2,0.01,1.88,17.67
1506011998,777.0,40.2,0.0,0.0,17.67
1506011998,813.0,39.4,0.0,0.0,17.67
1506012009,807.0,39.4,0.0,0.0,21.99
1506012009,759.0,40.8,0.0,0.0,21.99
1506012009,825.0,39.4,0.0,0.0,21.99
1506012009,765.0,40.4,0.0,0.0,21.99
1506012009,819.0,39.4,0.0,0.0,21.99
1506012009,771.0,26.9,0.01,1.82,21.99
1506012009,777.0,40.3,0.0,0.0,21.99
1506012009,813.0,39.4,0.0,0.0,21.99
1506012021,807.0,39.4,0.0,0.0,23.49
1506012021,759.0,40.7,0.0,0.0,23.49
1506012021,825.0,39.3,0.0,0.0,23.49
1506012021,765.0,40.3,0.0,0.0,23.49
1506012021,819.0,39.4,0.0,0.0,23.49
1506012021,771.0,26.9,0.01,1.75,23.49
1506012021,777.0,40.1,0.0,0.0,23.49
1506012021,813.0,39.3,0.0,0.0,23.49
1506012033,807.0,39.3,0.0,0.0,16.7
1506012033,759.0,40.6,0.0,0.0,16.7
1506012033,825.0,39.3,0.0,0.0,16.7
1506012033,765.0,40.3,0.0,0.0,16.7
1506012033,819.0,39.4,0.0,0.0,16.7
1506012033,771.0,27.2,0.02,1.56,16.7
1506012033,777.0,40.0,0.0,0.0,16.7
1506012033,813.0,39.2,0.0,0.0,16.7
1506012044,807.0,39.3,0.0,0.0,15.67
1506012044,759.0,40.6,0.0,0.0,15.67
1506012044,825.0,39.3,0.0,0.0,15.67
1506012044,765.0,40.4,0.0,0.0,15.67
1506012044,819.0,39.5,0.0,0.0,15.67
1506012044,771.0,27.2,0.01,2.16,15.67
1506012044,777.0,40.3,0.0,0.0,15.67
1506012044,813.0,39.5,0.0,0.0,15.67
1506012056,807.0,39.5,0.0,0.0,19.84
1506012056,759.0,40.7,0.0,0.0,19.84
1506012056,825.0,39.3,0.0,0.0,19.84
1506012056,765.0,40.3,0.0,0.0,19.84
1506012056,819.0,39.4,0.0,0.0,19.84
1506012056,771.0,27.4,0.01,1.89,19.84
1506012056,777.0,40.3,0.0,0.0,19.84
1506012056,813.0,39.5,0.0,0.0,19.84
1506012067,807.0,39.4,0.0,0.0,19.76
1506012067,759.0,40.8,0.0,0.0,19.76
1506012067,825.0,39.4,0.0,0.0,19.76
1506012067,765.0,40.4,0.0,0.0,19.76
1506012067,819.0,39.4,0.0,0.0,19.76
1506012067,771.0,26.9,0.01,1.83,19.76
1506012067,777.0,40.3,0.0,0.0,19.76
1506012067,813.0,39.5,0.0,0.0,19.76
1506012079,807.0,39.4,0.0,0.0,21.71
1506012079,759.0,40.8,0.0,0.0,21.71
1506012079,825.0,39.4,0.0,0.0,21.71
1506012079,765.0,40.3,0.0,0.0,21.71
1506012079,819.0,39.4,0.0,0.0,21.71
1506012079,771.0,26.9,0.01,1.8,21.71
1506012079,777.0,40.2,0.0,0.0,21.71
1506012079,813.0,39.4,0.0,0.0,21.71
1506012091,807.0,39.4,0.0,0.0,17.17
1506012091,759.0,40.8,0.0,0.0,17.17
1506012091,825.0,39.4,0.0,0.0,17.17
1506012091,765.0,40.4,0.0,0.0,17.17
1506012091,819.0,39.3,0.0,0.0,17.17
1506012091,771.0,27.5,0.01,1.46,17.17
1506012091,777.0,40.3,0.0,0.0,17.17
1506012091,813.0,39.2,0.0,0.0,17.17
1506012103,807.0,39.3,0.0,0.0,22.89
1506012103,759.0,40.8,0.0,0.0,22.89
1506012103,825.0,39.4,0.0,0.0,22.89
1506012103,765.0,40.3,0.0,0.0,22.89
1506012103,819.0,39.4,0.0,0.0,22.89
1506012103,771.0,27.5,0.0,0.27,22.89
1506012103,777.0,40.1,0.0,0.0,22.89
1506012103,813.0,39.2,0.0,0.0,22.89
1506012114,807.0,39.3,0.0,0.0,31.15
1506012114,759.0,40.8,0.0,0.0,31.15
1506012114,825.0,39.4,0.0,0.0,31.15
1506012114,765.0,40.3,0.0,0.0,31.15
1506012114,819.0,39.3,0.0,0.0,31.15
1506012114,771.0,27.8,0.0,0.51,31.15
1506012114,777.0,40.3,0.0,0.0,31.15
1506012114,813.0,39.3,0.0,0.0,31.15
1506012126,807.0,39.4,0.0,0.0,32.34
1506012126,759.0,40.7,0.0,0.0,32.34
1506012126,825.0,39.2,0.0,0.0,32.34
1506012126,765.0,40.3,0.0,0.0,32.34
1506012126,819.0,39.4,0.0,0.0,32.34
1506012126,771.0,27.5,0.0,0.35,32.34
1506012126,777.0,40.3,0.0,0.0,32.34
1506012126,813.0,39.0,0.0,0.0,32.34
1506012137,807.0,39.4,0.0,0.0,39.64
1506012137,759.0,40.4,0.0,0.0,39.64
1506012137,825.0,39.1,0.0,0.0,39.64
1506012137,765.0,40.3,0.0,0.0,39.64
1506012137,819.0,39.5,0.0,0.0,39.64
1506012137,771.0,27.3,0.0,0.49,39.64
1506012137,777.0,40.0,0.0,0.0,39.64
1506012137,813.0,39.4,0.0,0.0,39.64
1506012149,807.0,39.3,0.0,0.0,50.64
1506012149,759.0,40.8,0.0,0.0,50.64
1506012149,825.0,39.1,0.0,0.0,50.64
1506012149,765.0,40.3,0.0,0.0,50.64
1506012149,819.0,39.3,0.0,0.0,50.64
1506012149,771.0,27.4,0.0,0.32,50.64
1506012149,777.0,40.2,0.0,0.0,50.64
1506012149,813.0,39.3,0.0,0.0,50.64
1506012161,807.0,39.4,0.0,0.0,51.1
1506012161,759.0,40.8,0.0,0.0,51.1
1506012161,825.0,39.4,0.0,0.0,51.1
1506012161,765.0,40.3,0.0,0.0,51.1
1506012161,819.0,39.4,0.0,0.0,51.1
1506012161,771.0,27.8,0.0,0.37,51.1
1506012161,777.0,40.2,0.0,0.0,51.1
1506012161,813.0,39.4,0.0,0.0,51.1
1506012173,807.0,39.3,0.0,0.0,50.72
1506012173,759.0,40.5,0.0,0.0,50.72
1506012173,825.0,39.4,0.0,0.0,50.72
1506012173,765.0,40.3,0.0,0.0,50.72
1506012173,819.0,39.4,0.0,0.0,50.72
1506012173,771.0,27.4,0.0,0.37,50.72
1506012173,777.0,40.3,0.0,0.0,50.72
1506012173,813.0,39.4,0.0,0.0,50.72
1506012185,807.0,39.4,0.0,0.0,51.27
1506012185,759.0,40.8,0.0,0.0,51.27
1506012185,825.0,39.2,0.0,0.0,51.27
1506012185,765.0,40.3,0.0,0.0,51.27
1506012185,819.0,39.4,0.0,0.0,51.27
1506012185,771.0,27.5,0.0,0.39,51.27
1506012185,777.0,40.3,0.0,0.0,51.27
1506012185,813.0,39.4,0.0,0.0,51.27
1506012197,807.0,39.4,0.0,0.0,50.5
1506012197,759.0,40.8,0.0,0.0,50.5
1506012197,825.0,37.9,0.0,0.0,50.5
1506012197,765.0,40.3,0.0,0.0,50.5
1506012197,819.0,39.4,0.0,0.0,50.5
1506012197,771.0,27.8,0.0,0.32,50.5
1506012197,777.0,40.2,0.0,0.0,50.5
1506012197,813.0,39.5,0.0,0.0,50.5
1506012209,807.0,39.4,0.0,0.0,50.47
1506012209,759.0,40.4,0.0,0.0,50.47
1506012209,825.0,39.4,0.0,0.0,50.47
1506012209,765.0,40.3,0.0,0.0,50.47
1506012209,819.0,39.4,0.0,0.0,50.47
1506012209,771.0,27.7,0.0,0.39,50.47
1506012209,777.0,39.9,0.0,0.0,50.47
1506012209,813.0,39.4,0.0,0.0,50.47
1506012221,807.0,39.4,0.0,0.0,50.55
1506012221,759.0,40.4,0.0,0.0,50.55
1506012221,825.0,39.4,0.0,0.0,50.55
1506012221,765.0,40.4,0.0,0.0,50.55
1506012221,819.0,39.4,0.0,0.0,50.55
1506012221,771.0,27.4,0.0,0.32,50.55
1506012221,777.0,39.9,0.0,0.0,50.55
1506012221,813.0,39.3,0.0,0.0,50.55
1506012233,807.0,39.4,0.0,0.0,49.29
1506012233,759.0,40.6,0.0,0.0,49.29
1506012233,825.0,39.3,0.0,0.0,49.29
1506012233,765.0,40.4,0.0,0.0,49.29
1506012233,819.0,39.4,0.0,0.0,49.29
1506012233,771.0,27.4,0.0,0.43,49.29
1506012233,777.0,40.3,0.0,0.0,49.29
1506012233,813.0,39.4,0.0,0.0,49.29
1506012245,807.0,39.4,0.0,0.0,50.24
1506012245,759.0,40.8,0.0,0.0,50.24
1506012245,825.0,39.3,0.0,0.0,50.24
1506012245,765.0,40.3,0.0,0.0,50.24
1506012245,819.0,39.4,0.0,0.0,50.24
1506012245,771.0,27.7,0.0,0.35,50.24
1506012245,777.0,40.2,0.0,0.0,50.24
1506012245,813.0,39.3,0.0,0.0,50.24
1506012256,807.0,39.4,0.0,0.0,50.2
1506012256,759.0,40.6,0.0,0.0,50.2
1506012256,825.0,39.4,0.0,0.0,50.2
1506012256,765.0,40.3,0.0,0.0,50.2
1506012256,819.0,39.4,0.0,0.0,50.2
1506012256,771.0,27.6,0.0,0.39,50.2
1506012256,777.0,40.2,0.0,0.0,50.2
1506012256,813.0,39.1,0.0,0.0,50.2
1506012268,807.0,39.3,0.0,0.0,51.35
1506012268,759.0,40.5,0.0,0.0,51.35
1506012268,825.0,39.4,0.0,0.0,51.35
1506012268,765.0,40.3,0.0,0.0,51.35
1506012268,819.0,39.4,0.0,0.0,51.35
1506012268,771.0,27.5,0.0,0.37,51.35
1506012268,777.0,40.1,0.0,0.0,51.35
1506012268,813.0,39.4,0.0,0.0,51.35
1506012280,807.0,39.4,0.0,0.0,48.9
1506012280,759.0,40.8,0.0,0.0,48.9
1506012280,825.0,39.4,0.0,0.0,48.9
1506012280,765.0,40.4,0.0,0.0,48.9
1506012280,819.0,39.4,0.0,0.0,48.9
1506012280,771.0,27.3,0.0,0.44,48.9
1506012280,777.0,40.2,0.0,0.0,48.9
1506012280,813.0,39.4,0.0,0.0,48.9
1506012292,807.0,39.2,0.0,0.0,50.41
1506012292,759.0,40.6,0.0,0.0,50.41
1506012292,825.0,39.1,0.0,0.0,50.41
1506012292,765.0,40.3,0.0,0.0,50.41
1506012292,819.0,39.4,0.0,0.0,50.41
1506012292,771.0,27.3,0.0,0.5,50.41
1506012292,777.0,40.0,0.0,0.0,50.41
1506012292,813.0,39.2,0.0,0.0,50.41
1506012304,807.0,39.4,0.0,0.0,50.18
1506012304,759.0,40.7,0.0,0.0,50.18
1506012304,825.0,39.3,0.0,0.0,50.18
1506012304,765.0,40.4,0.0,0.0,50.18
1506012304,819.0,39.5,0.0,0.0,50.18
1506012304,771.0,27.6,0.0,0.57,50.18
1506012304,777.0,40.1,0.0,0.0,50.18
1506012304,813.0,39.4,0.0,0.0,50.18
1506012316,807.0,39.2,0.0,0.0,50.95
1506012316,759.0,40.5,0.0,0.0,50.95
1506012316,825.0,39.3,0.0,0.0,50.95
1506012316,765.0,40.4,0.0,0.0,50.95
1506012316,819.0,39.4,0.0,0.0,50.95
1506012316,771.0,27.6,0.0,0.57,50.95
1506012316,777.0,39.9,0.0,0.0,50.95
1506012316,813.0,39.4,0.0,0.0,50.95
1506012328,807.0,39.3,0.0,0.0,51.17
1506012328,759.0,40.7,0.0,0.0,51.17
1506012328,825.0,39.3,0.0,0.0,51.17
1506012328,765.0,40.4,0.0,0.0,51.17
1506012328,819.0,39.4,0.0,0.0,51.17
1506012328,771.0,27.3,0.0,0.7,51.17
1506012328,777.0,40.2,0.0,0.0,51.17
1506012328,813.0,39.3,0.0,0.0,51.17
1506012339,807.0,39.4,0.0,0.0,50.91
1506012339,759.0,40.8,0.0,0.0,50.91
1506012339,825.0,39.3,0.0,0.0,50.91
1506012339,765.0,40.5,0.0,0.0,50.91
1506012339,819.0,39.4,0.0,0.0,50.91
1506012339,771.0,27.3,0.0,0.72,50.91
1506012339,777.0,40.2,0.0,0.0,50.91
1506012339,813.0,39.3,0.0,0.0,50.91
1506012352,807.0,39.4,0.0,0.0,49.92
1506012352,759.0,40.6,0.0,0.0,49.92
1506012352,825.0,39.3,0.0,0.0,49.92
1506012352,765.0,40.3,0.0,0.0,49.92
1506012352,819.0,39.4,0.0,0.0,49.92
1506012352,771.0,27.2,0.01,0.91,49.92
1506012352,777.0,40.0,0.0,0.0,49.92
1506012352,813.0,39.2,0.0,0.0,49.92
1506012363,807.0,39.3,0.0,0.0,50.48
1506012363,759.0,40.3,0.0,0.0,50.48
1506012363,825.0,39.3,0.0,0.0,50.48
1506012363,765.0,40.3,0.0,0.0,50.48
1506012363,819.0,39.4,0.0,0.0,50.48
1506012363,771.0,27.4,0.01,1.01,50.48
1506012363,777.0,40.3,0.0,0.0,50.48
1506012363,813.0,39.4,0.0,0.0,50.48
1506012375,807.0,39.4,0.0,0.0,50.22
1506012375,759.0,40.5,0.0,0.0,50.22
1506012375,825.0,39.4,0.0,0.0,50.22
1506012375,765.0,40.4,0.0,0.0,50.22
1506012375,819.0,39.4,0.0,0.0,50.22
1506012375,771.0,27.1,0.01,1.4,50.22
1506012375,777.0,40.2,0.0,0.0,50.22
1506012375,813.0,39.5,0.0,0.0,50.22
1506012386,807.0,39.4,0.0,0.0,31.68
1506012386,759.0,40.8,0.0,0.0,31.68
1506012386,825.0,39.4,0.0,0.0,31.68
1506012386,765.0,40.4,0.0,0.0,31.68
1506012386,819.0,39.4,0.0,0.0,31.68
1506012386,771.0,27.0,0.02,1.96,31.68
1506012386,777.0,40.3,0.0,0.0,31.68
1506012386,813.0,39.4,0.0,0.0,31.68
1506012398,807.0,39.3,0.0,0.0,17.65
1506012398,759.0,40.7,0.0,0.0,17.65
1506012398,825.0,39.4,0.0,0.0,17.65
1506012398,765.0,40.3,0.0,0.0,17.65
1506012398,819.0,39.4,0.0,0.0,17.65
1506012398,771.0,27.3,0.02,2.11,17.65
1506012398,777.0,40.3,0.0,0.0,17.65
1506012398,813.0,39.4,0.0,0.0,17.65
1506012409,807.0,39.3,0.0,0.0,25.64
1506012409,759.0,40.6,0.0,0.0,25.64
1506012409,825.0,39.3,0.0,0.0,25.64
1506012409,765.0,40.3,0.0,0.0,25.64
1506012409,819.0,39.4,0.0,0.0,25.64
1506012409,771.0,26.8,0.01,1.98,25.64
1506012409,777.0,40.0,0.0,0.0,25.64
1506012409,813.0,39.3,0.0,0.0,25.64
1506012421,807.0,39.4,0.0,0.0,24.56
1506012421,759.0,40.8,0.0,0.0,24.56
1506012421,825.0,27.9,5.56,1.36,24.56
1506012421,765.0,40.3,0.0,0.0,24.56
1506012421,819.0,39.4,0.0,0.0,24.56
1506012421,771.0,26.9,0.02,2.18,24.56
1506012421,777.0,40.3,0.0,0.0,24.56
1506012421,813.0,39.4,0.0,0.0,24.56
1506012433,807.0,39.4,0.0,0.0,13.49
1506012433,759.0,40.7,0.0,0.0,13.49
1506012433,825.0,39.1,1.8,0.86,13.49
1506012433,765.0,40.4,0.0,0.0,13.49
1506012433,819.0,39.4,0.0,0.0,13.49
1506012433,771.0,27.4,0.02,2.01,13.49
1506012433,777.0,40.2,0.0,0.0,13.49
1506012433,813.0,39.4,0.0,0.0,13.49
1506012444,807.0,39.4,0.0,0.0,20.2
1506012444,759.0,40.8,0.0,0.0,20.2
1506012444,825.0,39.4,0.0,0.0,20.2
1506012444,765.0,40.3,0.0,0.0,20.2
1506012444,819.0,39.4,0.0,0.0,20.2
1506012444,771.0,27.0,0.01,1.94,20.2
1506012444,777.0,40.3,0.0,0.0,20.2
1506012444,813.0,39.4,0.0,0.0,20.2
1506012456,807.0,39.2,0.0,0.0,24.49
1506012456,759.0,40.7,0.0,0.0,24.49
1506012456,825.0,39.4,0.0,0.0,24.49
1506012456,765.0,40.5,0.0,0.0,24.49
1506012456,819.0,39.4,0.0,0.0,24.49
1506012456,771.0,26.9,0.01,2.23,24.49
1506012456,777.0,40.3,0.0,0.0,24.49
1506012456,813.0,39.4,0.0,0.0,24.49
1506012467,807.0,39.5,0.0,0.0,34.42
1506012467,759.0,40.5,0.0,0.0,34.42
1506012467,825.0,39.3,0.0,0.0,34.42
1506012467,765.0,40.3,0.0,0.0,34.42
1506012467,819.0,39.4,0.0,0.0,34.42
1506012467,771.0,26.8,0.02,1.92,34.42
1506012467,777.0,40.2,0.0,0.0,34.42
1506012467,813.0,39.4,0.0,0.0,34.42
1506012479,807.0,39.4,0.0,0.0,32.18
1506012479,759.0,40.6,0.0,0.0,32.18
1506012479,825.0,39.2,0.0,0.0,32.18
1506012479,765.0,40.3,0.0,0.0,32.18
1506012479,819.0,39.4,0.0,0.0,32.18
1506012479,771.0,27.2,0.02,1.89,32.18
1506012479,777.0,40.1,0.0,0.0,32.18
1506012479,813.0,39.4,0.0,0.0,32.18
1506012491,807.0,39.4,0.0,0.0,29.33
1506012491,759.0,40.6,0.0,0.0,29.33
1506012491,825.0,39.2,0.0,0.0,29.33
1506012491,765.0,40.3,0.0,0.0,29.33
1506012491,819.0,39.4,0.0,0.0,29.33
1506012491,771.0,27.0,0.01,2.09,29.33
1506012491,777.0,39.9,0.0,0.0,29.33
1506012491,813.0,39.4,0.0,0.0,29.33
1506012502,807.0,39.4,0.0,0.0,32.55
1506012502,759.0,40.7,0.0,0.0,32.55
1506012502,825.0,39.4,0.0,0.0,32.55
1506012502,765.0,40.3,0.0,0.0,32.55
1506012502,819.0,39.4,0.0,0.0,32.55
1506012502,771.0,27.0,0.02,2.44,32.55
1506012502,777.0,40.2,0.0,0.0,32.55
1506012502,813.0,39.5,0.0,0.0,32.55
1506012514,807.0,39.4,0.0,0.0,26.47
1506012514,759.0,40.8,0.0,0.0,26.47
1506012514,825.0,39.0,0.0,0.0,26.47
1506012514,765.0,40.4,0.0,0.0,26.47
1506012514,819.0,39.4,0.0,0.0,26.47
1506012514,771.0,27.4,0.01,1.99,26.47
1506012514,777.0,40.3,0.0,0.0,26.47
1506012514,813.0,39.3,0.0,0.0,26.47
1506012525,807.0,39.4,0.0,0.0,16.3
1506012525,759.0,40.4,0.0,0.0,16.3
1506012525,825.0,39.1,0.0,0.0,16.3
1506012525,765.0,40.3,0.0,0.0,16.3
1506012525,819.0,39.4,0.0,0.0,16.3
1506012525,771.0,27.1,0.01,2.27,16.3
1506012525,777.0,40.1,0.0,0.0,16.3
1506012525,813.0,39.3,0.0,0.0,16.3
1506012537,807.0,39.4,0.0,0.0,25.84
1506012537,759.0,40.3,0.0,0.0,25.84
1506012537,825.0,39.0,0.0,0.0,25.84
1506012537,765.0,40.4,0.0,0.0,25.84
1506012537,819.0,39.5,0.0,0.0,25.84
1506012537,771.0,27.1,0.01,2.0,25.84
1506012537,777.0,40.2,0.0,0.0,25.84
1506012537,813.0,39.4,0.0,0.0,25.84
1506012548,807.0,39.4,0.0,0.0,19.37
1506012548,759.0,40.8,0.0,0.0,19.37
1506012548,825.0,39.0,0.0,0.0,19.37
1506012548,765.0,40.3,0.0,0.0,19.37
1506012548,819.0,39.4,0.0,0.0,19.37
1506012548,771.0,26.8,0.02,1.78,19.37
1506012548,777.0,40.2,0.0,0.0,19.37
1506012548,813.0,39.3,0.0,0.0,19.37
1506012560,807.0,39.4,0.0,0.0,15.07
1506012560,759.0,40.6,0.0,0.0,15.07
1506012560,825.0,39.2,0.0,0.0,15.07
1506012560,765.0,40.3,0.0,0.0,15.07
1506012560,819.0,39.4,0.0,0.0,15.07
1506012560,771.0,27.4,0.01,2.02,15.07
1506012560,777.0,40.3,0.0,0.0,15.07
1506012560,813.0,39.3,0.0,0.0,15.07
1506012572,807.0,39.3,0.0,0.0,21.63
1506012572,759.0,40.4,0.0,0.0,21.63
1506012572,825.0,39.4,0.0,0.0,21.63
1506012572,765.0,40.3,0.0,0.0,21.63
1506012572,819.0,39.4,0.0,0.0,21.63
1506012572,771.0,26.6,0.01,1.95,21.63
1506012572,777.0,39.9,0.0,0.0,21.63
1506012572,813.0,39.2,0.0,0.0,21.63
1506012583,807.0,39.3,0.0,0.0,13.24
1506012583,759.0,40.4,0.0,0.0,13.24
1506012583,825.0,39.3,0.0,0.0,13.24
1506012583,765.0,40.4,0.0,0.0,13.24
1506012583,819.0,39.4,0.0,0.0,13.24
1506012583,771.0,27.0,0.07,4.54,13.24
1506012583,777.0,40.1,0.0,0.0,13.24
1506012583,813.0,39.3,0.3,0.08,13.24
1506012595,807.0,39.5,0.0,0.0,13.22
1506012595,759.0,40.3,0.0,0.0,13.22
1506012595,825.0,39.4,0.0,0.0,13.22
1506012595,765.0,40.3,0.0,0.0,13.22
1506012595,819.0,39.4,0.0,0.0,13.22
1506012595,771.0,26.5,0.08,4.81,13.22
1506012595,777.0,40.3,0.0,0.0,13.22
1506012595,813.0,39.4,0.0,0.0,13.22
1506012606,807.0,39.2,0.0,0.0,12.15
1506012606,759.0,40.6,0.0,0.0,12.15
1506012606,825.0,39.4,0.0,0.0,12.15
1506012606,765.0,40.3,0.0,0.0,12.15
1506012606,819.0,39.4,0.0,0.0,12.15
1506012606,771.0,26.8,0.06,4.55,12.15
1506012606,777.0,40.3,0.0,0.0,12.15
1506012606,813.0,39.4,0.0,0.0,12.15
1506012618,807.0,39.2,0.0,0.0,13.63
1506012618,759.0,40.5,0.0,0.0,13.63
1506012618,825.0,39.4,0.0,0.0,13.63
1506012618,765.0,40.4,0.0,0.0,13.63
1506012618,819.0,39.5,0.0,0.0,13.63
1506012618,771.0,27.1,0.08,4.85,13.63
1506012618,777.0,40.1,0.0,0.0,13.63
1506012618,813.0,39.4,0.0,0.0,13.63
1506012629,807.0,39.4,0.0,0.0,12.18
1506012629,759.0,40.4,0.0,0.0,12.18
1506012629,825.0,39.4,0.0,0.0,12.18
1506012629,765.0,40.5,0.0,0.0,12.18
1506012629,819.0,39.4,0.0,0.0,12.18
1506012629,771.0,26.8,0.07,5.89,12.18
1506012629,777.0,40.3,0.0,0.0,12.18
1506012629,813.0,39.4,0.0,0.0,12.18
1506012641,807.0,39.4,0.0,0.0,12.29
1506012641,759.0,40.8,0.0,0.0,12.29
1506012641,825.0,39.4,0.0,0.0,12.29
1506012641,765.0,40.3,0.0,0.0,12.29
1506012641,819.0,39.4,0.0,0.0,12.29
1506012641,771.0,27.1,0.06,5.73,12.29
1506012641,777.0,39.9,0.0,0.0,12.29
1506012641,813.0,39.4,0.0,0.0,12.29
1506012653,807.0,39.4,0.0,0.0,12.63
1506012653,759.0,40.7,0.0,0.0,12.63
1506012653,825.0,39.2,0.0,0.0,12.63
1506012653,765.0,40.3,0.0,0.0,12.63
1506012653,819.0,39.4,0.0,0.0,12.63
1506012653,771.0,26.5,0.13,6.8,12.63
1506012653,777.0,40.2,0.0,0.0,12.63
1506012653,813.0,39.3,0.0,0.0,12.63
1506012664,807.0,39.4,0.0,0.0,9.39
1506012664,759.0,40.8,0.0,0.0,9.39
1506012664,825.0,39.1,0.0,0.0,9.39
1506012664,765.0,40.4,0.0,0.0,9.39
1506012664,819.0,39.5,0.0,0.0,9.39
1506012664,771.0,26.9,0.2,7.37,9.39
1506012664,777.0,40.3,0.0,0.0,9.39
1506012664,813.0,39.4,0.0,0.01,9.39
1506012676,807.0,39.3,0.0,0.0,9.16
1506012676,759.0,40.7,0.0,0.0,9.16
1506012676,825.0,39.4,0.0,0.0,9.16
1506012676,765.0,40.3,0.0,0.0,9.16
1506012676,819.0,39.4,0.0,0.0,9.16
1506012676,771.0,26.9,0.14,9.03,9.16
1506012676,777.0,40.2,0.0,0.0,9.16
1506012676,813.0,39.4,0.0,0.0,9.16
1506012687,807.0,39.4,0.0,0.0,9.23
1506012687,759.0,40.5,0.0,0.0,9.23
1506012687,825.0,39.3,0.0,0.0,9.23
1506012687,765.0,40.3,0.0,0.0,9.23
1506012687,819.0,39.4,0.0,0.0,9.23
1506012687,771.0,26.5,0.2,9.53,9.23
1506012687,777.0,40.2,0.0,0.0,9.23
1506012687,813.0,39.2,0.0,0.0,9.23
1506012699,807.0,39.5,0.0,0.0,7.84
1506012699,759.0,40.7,0.0,0.0,7.84
1506012699,825.0,39.4,0.0,0.0,7.84
1506012699,765.0,40.3,0.0,0.0,7.84
1506012699,819.0,39.4,0.0,0.0,7.84
1506012699,771.0,26.7,0.19,7.43,7.84
1506012699,777.0,40.1,0.0,0.0,7.84
1506012699,813.0,39.4,0.0,0.0,7.84
1506012711,807.0,39.3,0.0,0.0,9.21
1506012711,759.0,40.6,0.0,0.0,9.21
1506012711,825.0,39.4,0.0,0.0,9.21
1506012711,765.0,40.4,0.0,0.0,9.21
1506012711,819.0,39.4,0.0,0.0,9.21
1506012711,771.0,26.7,0.17,10.12,9.21
1506012711,777.0,40.3,0.0,0.0,9.21
1506012711,813.0,39.4,0.0,0.0,9.21
1506012723,807.0,39.4,0.0,0.0,8.46
1506012723,759.0,40.8,0.0,0.0,8.46
1506012723,825.0,39.2,0.0,0.0,8.46
1506012723,765.0,40.3,0.0,0.0,8.46
1506012723,819.0,39.4,0.0,0.0,8.46
1506012723,771.0,26.3,0.46,10.85,8.46
1506012723,777.0,40.1,0.0,0.0,8.46
1506012723,813.0,39.4,0.0,0.0,8.46
1506012734,807.0,39.4,0.0,0.0,8.18
1506012734,759.0,40.5,0.0,0.0,8.18
1506012734,825.0,39.5,0.0,0.0,8.18
1506012734,765.0,40.3,0.0,0.0,8.18
1506012734,819.0,39.4,0.0,0.0,8.18
1506012734,771.0,26.3,0.53,14.18,8.18
1506012734,777.0,40.2,0.0,0.0,8.18
1506012734,813.0,39.3,0.0,0.0,8.18
1506012746,807.0,39.4,0.0,0.0,5.47
1506012746,759.0,40.3,0.0,0.0,5.47
1506012746,825.0,39.4,0.0,0.0,5.47
1506012746,765.0,40.3,0.0,0.0,5.47
1506012746,819.0,39.5,0.0,0.0,5.47
1506012746,771.0,26.7,0.53,14.39,5.47
1506012746,777.0,40.1,0.0,0.0,5.47
1506012746,813.0,39.4,0.0,0.0,5.47
1506012757,807.0,39.4,0.0,0.0,7.56
1506012757,759.0,40.6,0.0,0.0,7.56
1506012757,825.0,39.4,0.0,0.0,7.56
1506012757,765.0,40.4,0.0,0.0,7.56
1506012757,819.0,39.4,0.0,0.0,7.56
1506012757,771.0,26.5,0.66,18.46,7.56
1506012757,777.0,40.2,0.0,0.0,7.56
1506012757,813.0,39.2,0.01,0.01,7.56
1506012769,807.0,39.4,0.0,0.0,6.77
1506012769,759.0,40.3,0.0,0.0,6.77
1506012769,825.0,39.4,0.0,0.0,6.77
1506012769,765.0,40.3,0.0,0.0,6.77
1506012769,819.0,39.5,0.0,0.0,6.77
1506012769,771.0,26.8,0.66,18.86,6.77
1506012769,777.0,40.3,0.0,0.0,6.77
1506012769,813.0,39.3,0.0,0.0,6.77
1506012781,807.0,39.4,0.0,0.0,6.73
1506012781,759.0,40.6,0.0,0.0,6.73
1506012781,825.0,39.3,0.0,0.0,6.73
1506012781,765.0,40.4,0.0,0.0,6.73
1506012781,819.0,39.4,0.0,0.0,6.73
1506012781,771.0,26.2,0.59,14.23,6.73
1506012781,777.0,40.3,0.0,0.0,6.73
1506012781,813.0,39.4,0.0,0.0,6.73
1506012793,807.0,39.4,0.0,0.0,6.61
1506012793,759.0,40.7,0.0,0.0,6.61
1506012793,825.0,39.4,0.0,0.0,6.61
1506012793,765.0,40.3,0.0,0.0,6.61
1506012793,819.0,39.4,0.0,0.0,6.61
1506012793,771.0,26.4,0.64,13.94,6.61
1506012793,777.0,40.1,0.0,0.0,6.61
1506012793,813.0,39.4,0.0,0.0,6.61
1506012804,807.0,39.4,0.0,0.0,5.66
1506012804,759.0,40.8,0.0,0.0,5.66
1506012804,825.0,39.3,0.0,0.0,5.66
1506012804,765.0,40.3,0.0,0.0,5.66
1506012804,819.0,39.4,0.0,0.0,5.66
1506012804,771.0,26.2,0.67,14.64,5.66
1506012804,777.0,40.3,0.0,0.0,5.66
1506012804,813.0,39.4,0.0,0.0,5.66
1506012816,807.0,39.3,0.0,0.0,6.62
1506012816,759.0,40.6,0.0,0.0,6.62
1506012816,825.0,39.1,0.0,0.0,6.62
1506012816,765.0,40.4,0.0,0.0,6.62
1506012816,819.0,39.4,0.0,0.0,6.62
1506012816,771.0,26.8,0.67,13.99,6.62
1506012816,777.0,40.3,0.0,0.0,6.62
1506012816,813.0,39.4,0.0,0.0,6.62
1506012828,807.0,39.4,0.0,0.0,7.3
1506012828,759.0,40.5,0.0,0.0,7.3
1506012828,825.0,39.4,0.0,0.0,7.3
1506012828,765.0,40.4,0.0,0.0,7.3
1506012828,819.0,39.4,0.0,0.0,7.3
1506012828,771.0,26.0,0.76,19.11,7.3
1506012828,777.0,39.9,0.0,0.0,7.3
1506012828,813.0,39.2,0.0,0.0,7.3
1506012839,807.0,39.3,0.0,0.0,4.56
1506012839,759.0,40.7,0.0,0.0,4.56
1506012839,825.0,39.2,0.0,0.0,4.56
1506012839,765.0,40.3,0.0,0.0,4.56
1506012839,819.0,39.4,0.0,0.0,4.56
1506012839,771.0,26.1,2.58,31.29,4.56
1506012839,777.0,40.3,0.0,0.0,4.56
1506012839,813.0,39.4,0.0,0.0,4.56
1506012851,807.0,39.4,0.0,0.0,3.75
1506012851,759.0,40.4,0.0,0.0,3.75
1506012851,825.0,39.4,0.0,0.0,3.75
1506012851,765.0,40.4,0.0,0.0,3.75
1506012851,819.0,39.4,0.0,0.0,3.75
1506012851,771.0,26.5,2.54,33.88,3.75
1506012851,777.0,40.3,0.0,0.0,3.75
1506012851,813.0,39.4,0.0,0.0,3.75
1506012863,807.0,39.4,0.0,0.0,4.08
1506012863,759.0,40.8,0.0,0.0,4.08
1506012863,825.0,39.4,0.0,0.0,4.08
1506012863,765.0,40.3,0.0,0.0,4.08
1506012863,819.0,39.4,0.0,0.0,4.08
1506012863,771.0,26.0,2.17,30.79,4.08
1506012863,777.0,40.2,0.0,0.0,4.08
1506012863,813.0,39.4,0.0,0.0,4.08
1506012876,807.0,39.4,0.0,0.0,3.7
1506012876,759.0,40.4,0.0,0.0,3.7
1506012876,825.0,39.4,0.0,0.0,3.7
1506012876,765.0,40.3,0.0,0.0,3.7
1506012876,819.0,39.4,0.0,0.0,3.7
1506012876,771.0,26.3,2.51,32.0,3.7
1506012876,777.0,40.0,0.0,0.0,3.7
1506012876,813.0,39.3,0.0,0.0,3.7
1506012887,807.0,39.3,0.0,0.0,4.06
1506012887,759.0,40.7,0.0,0.0,4.06
1506012887,825.0,38.8,0.0,0.0,4.06
1506012887,765.0,40.3,0.0,0.0,4.06
1506012887,819.0,39.4,0.0,0.0,4.06
1506012887,771.0,26.1,2.39,30.51,4.06
1506012887,777.0,40.3,0.0,0.0,4.06
1506012887,813.0,39.4,0.0,0.0,4.06
1506012900,807.0,39.4,0.0,0.0,2.92
1506012900,759.0,40.8,0.0,0.0,2.92
1506012900,825.0,39.4,0.0,0.0,2.92
1506012900,765.0,40.4,0.0,0.0,2.92
1506012900,819.0,39.4,0.0,0.0,2.92
1506012900,771.0,26.2,7.79,62.01,2.92
1506012900,777.0,40.3,0.0,0.0,2.92
1506012900,813.0,39.2,0.0,0.0,2.92
1506012913,807.0,39.4,0.0,0.0,2.87
1506012913,759.0,40.4,0.0,0.0,2.87
1506012913,825.0,39.4,0.0,0.0,2.87
1506012913,765.0,40.3,0.0,0.0,2.87
1506012913,819.0,39.4,0.0,0.0,2.87
1506012913,771.0,25.8,8.84,63.62,2.87
1506012913,777.0,40.2,0.0,0.0,2.87
1506012913,813.0,39.4,0.0,0.0,2.87
1506012926,807.0,39.4,0.0,0.0,3.21
1506012926,759.0,40.8,0.0,0.0,3.21
1506012926,825.0,39.3,0.0,0.0,3.21
1506012926,765.0,40.3,0.0,0.0,3.21
1506012926,819.0,39.4,0.0,0.0,3.21
1506012926,771.0,26.3,7.4,53.7,3.21
1506012926,777.0,40.2,0.0,0.0,3.21
1506012926,813.0,39.2,0.0,0.0,3.21
1506012937,807.0,39.4,0.0,0.0,2.86
1506012937,759.0,40.3,0.0,0.0,2.86
1506012937,825.0,39.4,0.0,0.0,2.86
1506012937,765.0,40.4,0.0,0.0,2.86
1506012937,819.0,39.5,0.0,0.0,2.86
1506012937,771.0,26.1,9.93,67.41,2.86
1506012937,777.0,40.3,0.0,0.0,2.86
1506012937,813.0,39.4,0.0,0.0,2.86
1506012949,807.0,39.4,0.0,0.0,1.59
1506012949,759.0,40.8,0.0,0.0,1.59
1506012949,825.0,39.4,0.0,0.0,1.59
1506012949,765.0,40.3,0.0,0.0,1.59
1506012949,819.0,39.4,0.0,0.0,1.59
1506012949,771.0,25.5,36.79,132.95,1.59
1506012949,777.0,40.2,0.0,0.0,1.59
1506012949,813.0,39.4,0.0,0.0,1.59
1506012962,807.0,39.4,0.0,0.0,1.41
1506012962,759.0,40.5,0.0,0.0,1.41
1506012962,825.0,39.4,0.0,0.0,1.41
1506012962,765.0,40.5,0.0,0.0,1.41
1506012962,819.0,39.5,0.0,0.0,1.41
1506012962,771.0,26.0,30.36,107.04,1.41
1506012962,777.0,40.3,0.0,0.0,1.41
1506012962,813.0,39.3,0.0,0.0,1.41
1506012974,807.0,39.4,0.0,0.0,1.98
1506012974,759.0,40.8,0.0,0.0,1.98
1506012974,825.0,39.2,0.0,0.0,1.98
1506012974,765.0,40.3,0.0,0.0,1.98
1506012974,819.0,39.4,0.0,0.0,1.98
1506012974,771.0,25.7,32.66,124.4,1.98
1506012974,777.0,40.1,0.0,0.0,1.98
1506012974,813.0,39.4,0.0,0.0,1.98
1506012986,807.0,39.3,0.0,0.0,1.79
1506012986,759.0,40.7,0.0,0.0,1.79
1506012986,825.0,39.4,0.0,0.0,1.79
1506012986,765.0,40.3,0.0,0.0,1.79
1506012986,819.0,39.3,0.0,0.0,1.79
1506012986,771.0,26.2,31.8,121.71,1.79
1506012986,777.0,40.3,0.0,0.0,1.79
1506012986,813.0,39.4,0.0,0.0,1.79
1506012998,807.0,39.4,0.0,0.0,1.63
1506012998,759.0,40.7,0.0,0.0,1.63
1506012998,825.0,39.4,0.0,0.0,1.63
1506012998,765.0,40.3,0.0,0.0,1.63
1506012998,819.0,39.3,0.0,0.0,1.63
1506012998,771.0,25.6,36.33,127.02,1.63
1506012998,777.0,40.2,0.0,0.0,1.63
1506012998,813.0,39.4,0.0,0.0,1.63
1506013010,807.0,39.4,0.0,0.0,1.77
1506013010,759.0,40.4,0.0,0.0,1.77
1506013010,825.0,39.1,0.0,0.0,1.77
1506013010,765.0,40.4,0.0,0.0,1.77
1506013010,819.0,39.5,0.0,0.0,1.77
1506013010,771.0,26.2,29.42,110.99,1.77
1506013010,777.0,40.2,0.0,0.0,1.77
1506013010,813.0,39.1,0.0,0.0,1.77
1506013022,807.0,39.5,0.0,0.0,8.74
1506013022,759.0,40.8,0.0,0.0,8.74
1506013022,825.0,39.4,0.0,0.0,8.74
1506013022,765.0,40.3,0.0,0.0,8.74
1506013022,819.0,39.4,0.0,0.0,8.74
1506013022,771.0,26.2,35.7,128.92,8.74
1506013022,777.0,40.4,0.0,0.0,8.74
1506013022,813.0,39.3,0.04,0.01,8.74
1506013034,807.0,39.3,0.0,0.0,1.76
1506013034,759.0,40.5,0.0,0.0,1.76
1506013034,825.0,39.0,0.0,0.0,1.76
1506013034,765.0,40.3,0.0,0.0,1.76
1506013034,819.0,39.5,0.0,0.0,1.76
1506013034,771.0,26.1,33.01,123.75,1.76
1506013034,777.0,40.2,0.0,0.0,1.76
1506013034,813.0,39.4,0.0,0.0,1.76
1506013046,807.0,39.4,0.0,0.0,1.67
1506013046,759.0,40.8,0.0,0.0,1.67
1506013046,825.0,39.3,0.0,0.0,1.67
1506013046,765.0,40.3,0.0,0.0,1.67
1506013046,819.0,39.4,0.0,0.0,1.67
1506013046,771.0,25.6,35.56,133.34,1.67
1506013046,777.0,40.3,0.0,0.0,1.67
1506013046,813.0,39.2,0.0,0.0,1.67
1506013058,807.0,39.3,0.0,0.0,2.11
1506013058,759.0,40.8,0.0,0.0,2.11
1506013058,825.0,39.4,0.0,0.0,2.11
1506013058,765.0,40.3,0.0,0.0,2.11
1506013058,819.0,39.4,0.0,0.0,2.11
1506013058,771.0,0.0,28.74,106.6,2.11
1506013058,777.0,40.3,0.0,0.0,2.11
1506013058,813.0,39.4,0.0,0.0,2.11
1506013069,807.0,39.3,0.0,0.0,13.51
1506013069,759.0,40.5,0.0,0.0,13.51
1506013069,825.0,39.4,0.0,0.0,13.51
1506013069,765.0,40.4,0.0,0.0,13.51
1506013069,819.0,39.4,0.0,0.0,13.51
1506013069,771.0,0.0,0,0,13.51
1506013069,777.0,40.4,0.0,0.0,13.51
1506013069,813.0,39.4,0.0,0.0,13.51
1506013081,807.0,39.4,0.0,0.0,22.07
1506013081,759.0,40.6,0.0,0.0,22.07
1506013081,825.0,39.2,0.0,0.0,22.07
1506013081,765.0,40.5,0.0,0.0,22.07
1506013081,819.0,39.4,0.0,0.0,22.07
1506013081,771.0,0.0,115003.88,23859.69,22.07
1506013081,777.0,40.3,0.0,0.0,22.07
1506013081,813.0,39.4,0.19,0.04,22.07
1506013093,807.0,39.4,0.0,0.0,27.17
1506013093,759.0,40.7,0.0,0.0,27.17
1506013093,825.0,39.3,0.0,0.0,27.17
1506013093,765.0,40.3,0.0,0.0,27.17
1506013093,819.0,39.4,0.0,0.0,27.17
1506013093,771.0,0.0,402411.11,73555.56,27.17
1506013093,777.0,39.9,0.0,0.0,27.17
1506013093,813.0,39.3,0.0,0.0,27.17
1506013106,807.0,39.4,0.0,0.0,30.22
1506013106,759.0,40.4,0.0,0.0,30.22
1506013106,825.0,39.3,0.0,0.0,30.22
1506013106,765.0,40.4,0.0,0.0,30.22
1506013106,819.0,39.4,0.0,0.0,30.22
1506013106,771.0,0.0,67253.02,14142.95,30.22
1506013106,777.0,40.1,0.0,0.0,30.22
1506013106,813.0,39.4,0.0,0.0,30.22
1506013117,807.0,39.4,0.0,0.0,20.29
1506013117,759.0,40.3,0.0,0.0,20.29
1506013117,825.0,39.4,0.0,0.0,20.29
1506013117,765.0,40.4,0.0,0.0,20.29
1506013117,819.0,39.5,0.0,0.0,20.29
1506013117,771.0,0.0,92179.34,19596.68,20.29
1506013117,777.0,40.2,0.0,0.0,20.29
1506013117,813.0,39.4,0.35,0.1,20.29
1506013129,807.0,39.4,0.0,0.0,29.17
1506013129,759.0,40.4,0.0,0.0,29.17
1506013129,825.0,39.4,0.0,0.0,29.17
1506013129,765.0,40.3,0.0,0.0,29.17
1506013129,819.0,39.4,0.0,0.0,29.17
1506013129,771.0,0.0,0,0,29.17
1506013129,777.0,40.3,0.0,0.0,29.17
1506013129,813.0,39.5,0.0,0.0,29.17
1506013141,807.0,39.4,0.0,0.0,43.29
1506013141,759.0,40.8,0.0,0.0,43.29
1506013141,825.0,39.1,0.0,0.0,43.29
1506013141,765.0,40.4,0.0,0.0,43.29
1506013141,819.0,39.5,0.0,0.0,43.29
1506013141,771.0,0.0,0,0,43.29
1506013141,777.0,40.1,0.0,0.0,43.29
1506013141,813.0,39.4,0.16,0.03,43.29
1506013153,807.0,39.1,0.0,0.0,50.28
1506013153,759.0,40.7,0.0,0.0,50.28
1506013153,825.0,39.3,0.0,0.0,50.28
1506013153,765.0,40.4,0.0,0.0,50.28
1506013153,819.0,39.4,0.0,0.0,50.28
1506013153,771.0,0.0,0,0,50.28
1506013153,777.0,40.2,0.0,0.0,50.28
1506013153,813.0,39.4,0.0,0.0,50.28
1506013164,807.0,39.4,0.0,0.0,51.14
1506013164,759.0,40.6,0.0,0.0,51.14
1506013164,825.0,39.4,0.0,0.0,51.14
1506013164,765.0,40.4,0.0,0.0,51.14
1506013164,819.0,39.4,0.0,0.0,51.14
1506013164,771.0,0.0,0,0,51.14
1506013164,777.0,40.4,0.0,0.0,51.14
1506013164,813.0,39.4,0.0,0.0,51.14
1506013176,807.0,39.3,0.0,0.0,51.59
1506013176,759.0,40.5,0.0,0.0,51.59
1506013176,825.0,39.4,0.0,0.0,51.59
1506013176,765.0,40.3,0.0,0.0,51.59
1506013176,819.0,39.4,0.0,0.0,51.59
1506013176,771.0,0.0,0,0,51.59
1506013176,777.0,40.3,0.0,0.0,51.59
1506013176,813.0,39.4,0.0,0.0,51.59
1506013188,807.0,39.4,0.0,0.0,51.2
1506013188,759.0,40.6,0.0,0.0,51.2
1506013188,825.0,39.2,0.0,0.0,51.2
1506013188,765.0,40.3,0.0,0.0,51.2
1506013188,819.0,39.4,0.0,0.0,51.2
1506013188,771.0,0.0,0,0,51.2
1506013188,777.0,39.9,0.0,0.0,51.2
1506013188,813.0,39.4,0.0,0.0,51.2
1506013199,807.0,39.4,0.0,0.0,51.46
1506013199,759.0,40.4,0.0,0.0,51.46
1506013199,825.0,39.2,0.0,0.0,51.46
1506013199,765.0,40.3,0.0,0.0,51.46
1506013199,819.0,39.4,0.0,0.0,51.46
1506013199,771.0,0.0,0,0,51.46
1506013199,777.0,40.3,0.0,0.0,51.46
1506013199,813.0,39.3,0.0,0.0,51.46
1506013212,807.0,39.5,0.0,0.0,50.85
1506013212,759.0,40.6,0.0,0.0,50.85
1506013212,825.0,39.4,0.0,0.0,50.85
1506013212,765.0,40.4,0.0,0.0,50.85
1506013212,819.0,39.4,0.0,0.0,50.85
1506013212,771.0,0.0,93039.25,19709.14,50.85
1506013212,777.0,40.3,0.0,0.0,50.85
1506013212,813.0,39.4,0.0,0.0,50.85
1506013224,807.0,39.4,0.0,0.0,50.58
1506013224,759.0,40.8,0.0,0.0,50.58
1506013224,825.0,39.4,0.0,0.0,50.58
1506013224,765.0,40.3,0.0,0.0,50.58
1506013224,819.0,39.4,0.0,0.0,50.58
1506013224,771.0,0.0,93673.33,17536.67,50.58
1506013224,777.0,40.3,0.0,0.0,50.58
1506013224,813.0,39.4,0.0,0.0,50.58
1506013235,807.0,39.4,0.0,0.0,23.81
1506013235,759.0,40.8,0.0,0.0,23.81
1506013235,825.0,39.2,0.0,0.0,23.81
1506013235,765.0,40.3,0.0,0.0,23.81
1506013235,819.0,39.5,0.0,0.0,23.81
1506013235,771.0,0.0,91545.45,18003.03,23.81
1506013235,777.0,40.2,0.0,0.0,23.81
1506013235,813.0,39.4,0.36,0.07,23.81
1506013248,807.0,39.4,0.0,0.0,21.5
1506013248,759.0,40.8,0.0,0.0,21.5
1506013248,825.0,39.4,0.0,0.0,21.5
1506013248,765.0,40.4,0.0,0.0,21.5
1506013248,819.0,39.4,0.0,0.0,21.5
1506013248,771.0,0.0,64779.25,13727.36,21.5
1506013248,777.0,40.1,0.0,0.0,21.5
1506013248,813.0,39.3,0.14,0.03,21.5
1506013259,807.0,39.4,0.0,0.0,17.73
1506013259,759.0,40.5,0.0,0.0,17.73
1506013259,825.0,33.6,1.97,1.1,17.73
1506013259,765.0,40.3,0.0,0.0,17.73
1506013259,819.0,39.4,0.0,0.0,17.73
1506013259,771.0,0.0,145033.33,30766.67,17.73
1506013259,777.0,40.3,0.0,0.0,17.73
1506013259,813.0,39.4,0.0,0.0,17.73
1506013271,807.0,39.4,0.0,0.0,19.82
1506013271,759.0,40.6,0.0,0.0,19.82
1506013271,825.0,39.3,0.0,0.0,19.82
1506013271,765.0,40.5,0.0,0.0,19.82
1506013271,819.0,39.5,0.0,0.0,19.82
1506013271,771.0,0.0,130213.39,14757.48,19.82
1506013271,777.0,40.3,0.0,0.0,19.82
1506013271,813.0,39.4,0.0,0.0,19.82
1506013283,807.0,39.4,0.0,0.0,31.08
1506013283,759.0,40.7,0.0,0.0,31.08
1506013283,825.0,39.0,0.0,0.0,31.08
1506013283,765.0,40.3,0.0,0.0,31.08
1506013283,819.0,39.4,0.0,0.0,31.08
1506013283,771.0,0.0,74393.02,15818.6,31.08
1506013283,777.0,40.2,0.0,0.0,31.08
1506013283,813.0,39.3,0.0,0.0,31.08
1506013295,807.0,39.4,0.0,0.0,45.59
1506013295,759.0,40.8,0.0,0.0,45.59
1506013295,825.0,39.4,0.0,0.0,45.59
1506013295,765.0,40.3,0.0,0.0,45.59
1506013295,819.0,39.4,0.0,0.0,45.59
1506013295,771.0,0.0,75378.12,16013.54,45.59
1506013295,777.0,40.1,0.0,0.0,45.59
1506013295,813.0,39.3,0.0,0.0,45.59
1506013307,807.0,39.4,0.0,0.0,51.13
1506013307,759.0,40.7,0.0,0.0,51.13
1506013307,825.0,39.4,0.0,0.0,51.13
1506013307,765.0,40.3,0.0,0.0,51.13
1506013307,819.0,39.4,0.0,0.0,51.13
1506013307,771.0,0.0,0,0,51.13
1506013307,777.0,40.4,0.0,0.0,51.13
1506013307,813.0,39.4,0.0,0.0,51.13
1506013318,807.0,39.3,0.0,0.0,51.0
1506013318,759.0,40.8,0.0,0.0,51.0
1506013318,825.0,39.3,0.0,0.0,51.0
1506013318,765.0,40.4,0.0,0.0,51.0
1506013318,819.0,39.4,0.0,0.0,51.0
1506013318,771.0,0.0,0,0,51.0
1506013318,777.0,40.3,0.0,0.0,51.0
1506013318,813.0,39.5,0.0,0.0,51.0
1506013330,807.0,39.4,0.0,0.0,51.1
1506013330,759.0,40.4,0.0,0.0,51.1
1506013330,825.0,39.3,0.0,0.0,51.1
1506013330,765.0,40.4,0.0,0.0,51.1
1506013330,819.0,39.4,0.0,0.0,51.1
1506013330,771.0,0.0,87806.45,18580.65,51.1
1506013330,777.0,40.0,0.0,0.0,51.1
1506013330,813.0,39.4,0.0,0.0,51.1
1506013342,807.0,39.4,0.0,0.0,51.05
1506013342,759.0,40.7,0.0,0.0,51.05
1506013342,825.0,39.4,0.0,0.0,51.05
1506013342,765.0,40.3,0.0,0.0,51.05
1506013342,819.0,39.4,0.0,0.0,51.05
1506013342,771.0,0.0,0,0,51.05
1506013342,777.0,40.2,0.0,0.0,51.05
1506013342,813.0,39.5,0.0,0.0,51.05
1506013354,807.0,39.2,0.0,0.0,51.36
1506013354,759.0,40.4,0.0,0.0,51.36
1506013354,825.0,39.3,0.0,0.0,51.36
1506013354,765.0,40.4,0.0,0.0,51.36
1506013354,819.0,39.4,0.0,0.0,51.36
1506013354,771.0,27.2,0,0,51.36
1506013354,777.0,40.3,0.0,0.0,51.36
1506013354,813.0,39.4,0.0,0.0,51.36
1506013365,807.0,39.3,0.0,0.0,50.54
1506013365,759.0,40.7,0.0,0.0,50.54
1506013365,825.0,39.1,0.0,0.0,50.54
1506013365,765.0,40.5,0.0,0.0,50.54
1506013365,819.0,39.4,0.0,0.0,50.54
1506013365,771.0,26.9,0.02,2.12,50.54
1506013365,777.0,40.2,0.0,0.0,50.54
1506013365,813.0,39.4,0.0,0.0,50.54
1506013377,807.0,39.4,0.0,0.0,24.34
1506013377,759.0,40.6,0.0,0.0,24.34
1506013377,825.0,39.4,0.0,0.0,24.34
1506013377,765.0,40.3,0.0,0.0,24.34
1506013377,819.0,39.4,0.0,0.0,24.34
1506013377,771.0,27.0,0.02,2.02,24.34
1506013377,777.0,40.2,0.0,0.0,24.34
1506013377,813.0,39.3,0.0,0.0,24.34
1506013388,807.0,39.4,0.0,0.0,19.87
1506013388,759.0,40.7,0.0,0.0,19.87
1506013388,825.0,39.0,0.0,0.0,19.87
1506013388,765.0,40.4,0.0,0.0,19.87
1506013388,819.0,39.4,0.0,0.0,19.87
1506013388,771.0,27.2,0.02,1.81,19.87
1506013388,777.0,40.2,0.0,0.0,19.87
1506013388,813.0,39.3,0.0,0.0,19.87
1506013400,807.0,39.4,0.0,0.0,20.74
1506013400,759.0,40.7,0.0,0.0,20.74
1506013400,825.0,39.3,0.0,0.0,20.74
1506013400,765.0,40.3,0.0,0.0,20.74
1506013400,819.0,39.3,0.0,0.0,20.74
1506013400,771.0,26.9,0.02,2.04,20.74
1506013400,777.0,40.3,0.0,0.0,20.74
1506013400,813.0,39.2,0.0,0.0,20.74
1506013412,807.0,39.3,0.0,0.0,17.96
1506013412,759.0,40.4,0.0,0.0,17.96
1506013412,825.0,39.2,0.0,0.0,17.96
1506013412,765.0,40.4,0.0,0.0,17.96
1506013412,819.0,39.4,0.0,0.0,17.96
1506013412,771.0,27.2,0.02,1.97,17.96
1506013412,777.0,40.2,0.0,0.0,17.96
1506013412,813.0,39.4,0.0,0.0,17.96
1506013424,807.0,39.4,0.0,0.0,15.69
1506013424,759.0,40.6,0.0,0.0,15.69
1506013424,825.0,39.3,0.0,0.0,15.69
1506013424,765.0,40.4,0.0,0.0,15.69
1506013424,819.0,39.4,0.0,0.0,15.69
1506013424,771.0,27.3,0.01,1.94,15.69
1506013424,777.0,40.3,0.0,0.0,15.69
1506013424,813.0,39.3,0.0,0.0,15.69
1506013435,807.0,39.4,0.0,0.0,22.79
1506013435,759.0,40.5,0.0,0.0,22.79
1506013435,825.0,39.4,0.0,0.0,22.79
1506013435,765.0,40.2,0.0,0.0,22.79
1506013435,819.0,39.4,0.0,0.0,22.79
1506013435,771.0,27.1,0.02,1.96,22.79
1506013435,777.0,40.2,0.0,0.0,22.79
1506013435,813.0,39.4,0.0,0.0,22.79
1506013447,807.0,39.5,0.0,0.0,29.08
1506013447,759.0,40.7,0.0,0.0,29.08
1506013447,825.0,39.0,0.0,0.0,29.08
1506013447,765.0,40.3,0.0,0.0,29.08
1506013447,819.0,39.4,0.0,0.0,29.08
1506013447,771.0,26.8,0.02,2.13,29.08
1506013447,777.0,40.3,0.0,0.0,29.08
1506013447,813.0,39.4,0.0,0.0,29.08
1506013458,807.0,39.4,0.0,0.0,27.12
1506013458,759.0,40.4,0.0,0.0,27.12
1506013458,825.0,39.3,0.0,0.0,27.12
1506013458,765.0,40.3,0.0,0.0,27.12
1506013458,819.0,39.3,0.0,0.0,27.12
1506013458,771.0,27.3,0.01,1.79,27.12
1506013458,777.0,40.0,0.0,0.0,27.12
1506013458,813.0,39.4,0.0,0.0,27.12
1506013470,807.0,39.4,0.0,0.0,16.44
1506013470,759.0,40.6,0.0,0.0,16.44
1506013470,825.0,39.5,0.0,0.0,16.44
1506013470,765.0,40.3,0.0,0.0,16.44
1506013470,819.0,39.4,0.0,0.0,16.44
1506013470,771.0,26.9,0.02,2.04,16.44
1506013470,777.0,40.3,0.0,0.0,16.44
1506013470,813.0,39.4,0.0,0.0,16.44
1506013482,807.0,39.4,0.0,0.0,20.84
1506013482,759.0,40.8,0.0,0.0,20.84
1506013482,825.0,39.4,0.0,0.0,20.84
1506013482,765.0,40.4,0.0,0.0,20.84
1506013482,819.0,39.4,0.0,0.0,20.84
1506013482,771.0,26.9,0.01,2.29,20.84
1506013482,777.0,40.3,0.0,0.0,20.84
1506013482,813.0,39.3,0.0,0.0,20.84
1506013494,807.0,39.3,0.0,0.0,23.3
1506013494,759.0,40.5,0.0,0.0,23.3
1506013494,825.0,39.4,0.0,0.0,23.3
1506013494,765.0,40.3,0.0,0.0,23.3
1506013494,819.0,39.3,0.0,0.0,23.3
1506013494,771.0,27.8,0.01,1.47,23.3
1506013494,777.0,40.2,0.0,0.0,23.3
1506013494,813.0,39.4,0.0,0.0,23.3
1506013505,807.0,39.4,0.0,0.0,29.39
1506013505,759.0,40.6,0.0,0.0,29.39
1506013505,825.0,39.3,0.0,0.0,29.39
1506013505,765.0,40.3,0.0,0.0,29.39
1506013505,819.0,39.3,0.0,0.0,29.39
1506013505,771.0,27.4,0.0,0.41,29.39
1506013505,777.0,40.3,0.0,0.0,29.39
1506013505,813.0,39.4,0.0,0.0,29.39
1506013517,807.0,39.3,0.0,0.0,42.33
1506013517,759.0,40.8,0.0,0.0,42.33
1506013517,825.0,39.4,0.0,0.0,42.33
1506013517,765.0,40.4,0.0,0.0,42.33
1506013517,819.0,39.4,0.0,0.0,42.33
1506013517,771.0,26.2,0.03,1.59,42.33
1506013517,777.0,40.3,0.0,0.0,42.33
1506013517,813.0,39.4,0.0,0.0,42.33
1506013529,807.0,39.4,0.0,0.0,8.39
1506013529,759.0,40.6,0.0,0.0,8.39
1506013529,825.0,39.4,0.0,0.0,8.39
1506013529,765.0,40.3,0.0,0.0,8.39
1506013529,819.0,39.4,0.0,0.0,8.39
1506013529,771.0,26.7,0.37,12.03,8.39
1506013529,777.0,40.2,0.0,0.0,8.39
1506013529,813.0,39.4,0.0,0.0,8.39
1506013540,807.0,39.3,0.0,0.0,8.17
1506013540,759.0,40.7,0.0,0.0,8.17
1506013540,825.0,39.1,0.0,0.0,8.17
1506013540,765.0,40.3,0.0,0.0,8.17
1506013540,819.0,39.4,0.0,0.0,8.17
1506013540,771.0,26.4,0.37,13.09,8.17
1506013540,777.0,40.1,0.0,0.0,8.17
1506013540,813.0,39.5,0.0,0.0,8.17
1506013552,807.0,39.4,0.0,0.0,7.2
1506013552,759.0,40.7,0.0,0.0,7.2
1506013552,825.0,39.3,0.0,0.0,7.2
1506013552,765.0,40.3,0.0,0.0,7.2
1506013552,819.0,39.4,0.0,0.0,7.2
1506013552,771.0,26.3,0.42,13.2,7.2
1506013552,777.0,39.9,0.0,0.0,7.2
1506013552,813.0,39.3,0.0,0.0,7.2
1506013564,807.0,39.4,0.0,0.0,7.8
1506013564,759.0,40.4,0.0,0.0,7.8
1506013564,825.0,39.2,0.0,0.0,7.8
1506013564,765.0,40.3,0.0,0.0,7.8
1506013564,819.0,39.4,0.0,0.0,7.8
1506013564,771.0,26.5,0.43,13.0,7.8
1506013564,777.0,40.1,0.0,0.0,7.8
1506013564,813.0,39.3,0.0,0.0,7.8
1506013575,807.0,39.4,0.0,0.0,6.38
1506013575,759.0,40.4,0.0,0.0,6.38
1506013575,825.0,39.4,0.0,0.0,6.38
1506013575,765.0,40.5,0.0,0.0,6.38
1506013575,819.0,39.4,0.0,0.0,6.38
1506013575,771.0,26.5,0.42,12.73,6.38
1506013575,777.0,40.4,0.0,0.0,6.38
1506013575,813.0,39.4,0.0,0.0,6.38
1506013587,807.0,39.4,0.0,0.0,8.28
1506013587,759.0,40.6,0.0,0.0,8.28
1506013587,825.0,39.4,0.0,0.0,8.28
1506013587,765.0,40.3,0.0,0.0,8.28
1506013587,819.0,39.4,0.0,0.0,8.28
1506013587,771.0,26.3,0.43,12.3,8.28
1506013587,777.0,40.1,0.0,0.0,8.28
1506013587,813.0,39.4,0.0,0.0,8.28
1506013599,807.0,39.3,0.0,0.0,7.67
1506013599,759.0,40.7,0.0,0.0,7.67
1506013599,825.0,39.4,0.0,0.0,7.67
1506013599,765.0,40.3,0.0,0.0,7.67
1506013599,819.0,39.4,0.0,0.0,7.67
1506013599,771.0,26.6,0.4,11.29,7.67
1506013599,777.0,40.0,0.0,0.0,7.67
1506013599,813.0,39.1,0.0,0.0,7.67
1506013610,807.0,39.4,0.0,0.0,7.14
1506013610,759.0,40.6,0.0,0.0,7.14
1506013610,825.0,39.4,0.0,0.0,7.14
1506013610,765.0,40.4,0.0,0.0,7.14
1506013610,819.0,39.4,0.0,0.0,7.14
1506013610,771.0,26.4,0.4,14.54,7.14
1506013610,777.0,40.3,0.0,0.0,7.14
1506013610,813.0,39.4,0.0,0.0,7.14
1506013622,807.0,39.4,0.0,0.0,6.58
1506013622,759.0,40.8,0.0,0.0,6.58
1506013622,825.0,39.0,0.0,0.0,6.58
1506013622,765.0,40.3,0.0,0.0,6.58
1506013622,819.0,39.4,0.0,0.0,6.58
1506013622,771.0,26.9,0.45,11.94,6.58
1506013622,777.0,40.3,0.0,0.0,6.58
1506013622,813.0,39.4,0.0,0.0,6.58
1506013634,807.0,39.4,0.0,0.0,7.14
1506013634,759.0,40.8,0.0,0.0,7.14
1506013634,825.0,39.4,0.0,0.0,7.14
1506013634,765.0,40.4,0.0,0.0,7.14
1506013634,819.0,39.5,0.0,0.0,7.14
1506013634,771.0,26.7,0.44,13.58,7.14
1506013634,777.0,40.3,0.0,0.0,7.14
1506013634,813.0,39.4,0.0,0.0,7.14
1506013645,807.0,39.4,0.0,0.0,6.33
1506013645,759.0,40.7,0.0,0.0,6.33
1506013645,825.0,39.4,0.0,0.0,6.33
1506013645,765.0,40.3,0.0,0.0,6.33
1506013645,819.0,39.4,0.0,0.0,6.33
1506013645,771.0,26.6,0.45,14.13,6.33
1506013645,777.0,40.3,0.0,0.0,6.33
1506013645,813.0,39.4,0.0,0.0,6.33
